电影名,链接,图片地址
肖申克的救赎,https://movie.douban.com/subject/1292052/,https://img3.doubanio.com/view/photo/s_ratio_poster/public/p480747492.jpg
霸王别姬,https://movie.douban.com/subject/1291546/,https://img1.doubanio.com/view/photo/s_ratio_poster/public/p2911205318.jpg
泰坦尼克号,https://movie.douban.com/subject/1292722/,https://img9.doubanio.com/view/photo/s_ratio_poster/public/p457760035.jpg
阿甘正传,https://movie.douban.com/subject/1292720/,https://img3.doubanio.com/view/photo/s_ratio_poster/public/p510876253.jpg
千与千寻,https://movie.douban.com/subject/1291561/,https://img1.doubanio.com/view/photo/s_ratio_poster/public/p2557573348.jpg
星际穿越,https://movie.douban.com/subject/1889243/,https://img3.doubanio.com/view/photo/s_ratio_poster/public/p2614988097.jpg
美丽人生,https://movie.douban.com/subject/1292063/,https://img3.doubanio.com/view/photo/s_ratio_poster/public/p2578474613.jpg
这个杀手不太冷,https://movie.douban.com/subject/1295644/,https://img9.doubanio.com/view/photo/s_ratio_poster/public/p2913554676.jpg
盗梦空间,https://movie.douban.com/subject/3541415/,https://img9.doubanio.com/view/photo/s_ratio_poster/public/p513344864.jpg
楚门的世界,https://movie.douban.com/subject/1292064/,https://img3.doubanio.com/view/photo/s_ratio_poster/public/p479682972.jpg
辛德勒的名单,https://movie.douban.com/subject/1295124/,https://img3.doubanio.com/view/photo/s_ratio_poster/public/p492406163.jpg
忠犬八公的故事,https://movie.douban.com/subject/3011091/,https://img1.doubanio.com/view/photo/s_ratio_poster/public/p2587099240.jpg
海上钢琴师,https://movie.douban.com/subject/1292001/,https://img9.doubanio.com/view/photo/s_ratio_poster/public/p2914698334.jpg
疯狂动物城,https://movie.douban.com/subject/25662329/,https://img9.doubanio.com/view/photo/s_ratio_poster/public/p2924128964.jpg
三傻大闹宝莱坞,https://movie.douban.com/subject/3793023/,https://img2.doubanio.com/view/photo/s_ratio_poster/public/p579729551.jpg
机器人总动员,https://movie.douban.com/subject/2131459/,https://img1.doubanio.com/view/photo/s_ratio_poster/public/p2934742160.jpg
放牛班的春天,https://movie.douban.com/subject/1291549/,https://img1.doubanio.com/view/photo/s_ratio_poster/public/p2884280708.jpg
无间道,https://movie.douban.com/subject/1307914/,https://img3.doubanio.com/view/photo/s_ratio_poster/public/p2597979873.jpg
控方证人,https://movie.douban.com/subject/1296141/,https://img3.doubanio.com/view/photo/s_ratio_poster/public/p2927451337.jpg
寻梦环游记,https://movie.douban.com/subject/20495023/,https://img2.doubanio.com/view/photo/s_ratio_poster/public/p2505426431.jpg
大话西游之大圣娶亲,https://movie.douban.com/subject/1292213/,https://img9.doubanio.com/view/photo/s_ratio_poster/public/p2455050536.jpg
熔炉,https://movie.douban.com/subject/5912992/,https://img9.doubanio.com/view/photo/s_ratio_poster/public/p1363250216.jpg
触不可及,https://movie.douban.com/subject/6786002/,https://img9.doubanio.com/view/photo/s_ratio_poster/public/p1454261925.jpg
教父,https://movie.douban.com/subject/1291841/,https://img9.doubanio.com/view/photo/s_ratio_poster/public/p616779645.jpg
哈利·波特与魔法石,https://movie.douban.com/subject/1295038/,https://img1.doubanio.com/view/photo/s_ratio_poster/public/p2913781448.jpg
